"advertiser_id","url","title","description","country","city","ZIP","canton","street","phone","type","category","property","floor","room","surface","price","currency","availableDate","extra","photos"
"ID82162","https://anibis.ch/fr/d-immobilier-immobilier-locations-argovie--413/4-1-2-zimmer-gartenwohnung-inkl-1tgparkplatz-und-hobbyraum--30384792.aspx?view=2&pi=1&fcid=410&pr=1","4 1/2 Zimmer Gartenwohnung inkl. 1TG.Parkplatz und Hobbyraum","Wir vermieten eine wunderschöne  
**Tolle 4 1/2 Zimmer Gartenwohnung inkl. 1TG.Parkplatz und Hobbyraum in kinderfreundlichem Quartier** mitten in Hausen AG.  
Die Ideale Wohnung für Familien mit Kindern.

Wir suchen eine Unkomplizierte Familie die, diese Gelegenheit nützen möchte, in dieser schönen Gartenwohnung in der Nähe der Schulen, Spielplatz, Einkaufmöglichkeiten, Autobahnanschluss..... zu wohnen.

**Objektbeschrieb:**   
Die modern konzipierte 4.5 Zimmer Wohnung befindet sich in einer familienfreundlichen Umgebung.  
Die Wohnung verfügt über Wohn- Esszimmer, Küche, drei Schlafzimmer und zwei Nasszellen, Abstellraum.

Parkettböden: frisch renoviert in allen Zimmer/Wohnzimmer

Plattenböden: Nasszellen/Küche

Raumaufteilung Parterrewohnung 114 m²  
Eigener Waschturm in der Wohnung  
Eigene Heizungsanlage in Wohnung  
Die Wohnung verfügt über ein grosses eigenes Kellerabteil,und Disporaum

**Der Mietpreis setzt sich wie folgt zusammen:**

* **Nettomiete: 1860.--**
* **Nebenkosten: 200.--**
* **TGPP: 120.--**
* **Bruttomietzins: 2180.--**

Auch Ihr Haustier dürfen Sie mitbringen!

Haben wir Ihr Interesse geweckt?  
WIr freuen uns auf Ihre Kontaktaufnahme!  
Eine Besichtigung ist nach Absprache jederzeit möglich.

Tel:079 844 00 14","Suisse","Hausen AG","5212","(AG)","Südbahnstrasse 5",">undefined phone number<","RENT","1","0","0",">undefined room<",">undefined surface<","2180","CHF","01.12.2019","Animaux domestiques acceptés - Ascenseur - Balcon / Terrasse / Jardinet - Garage / Place de parc ","['https://can01.anibis.ch/Argovie-4-1-2-Zimmer-Gartenwohnung-inkl.-1TG.Parkplatz-und/?1024x768/3/60/anibis/792/384/030/NNCAcPpoi02vo3kbSyIpDg_1.jpg', 'https://can01.anibis.ch/Argovie-4-1-2-Zimmer-Gartenwohnung-inkl.-1TG.Parkplatz-und/?1024x768/3/60/anibis/792/384/030/2Hlxxo4-PE6yLeVnvOJEqA_1.jpg', 'https://can01.anibis.ch/Argovie-4-1-2-Zimmer-Gartenwohnung-inkl.-1TG.Parkplatz-und/?1024x768/3/60/anibis/792/384/030/CZD81lrG-U-2dlJpiy_Juw_1.jpg', 'https://can01.anibis.ch/Argovie-4-1-2-Zimmer-Gartenwohnung-inkl.-1TG.Parkplatz-und/?1024x768/3/60/anibis/792/384/030/FUSSgewjVEO8kC_Uc1cJjQ_1.jpg', 'https://can01.anibis.ch/Argovie-4-1-2-Zimmer-Gartenwohnung-inkl.-1TG.Parkplatz-und/?1024x768/3/60/anibis/792/384/030/Zt2ckmq2P0yVT3KkYp5VFA_1.jpg', 'https://can01.anibis.ch/Argovie-4-1-2-Zimmer-Gartenwohnung-inkl.-1TG.Parkplatz-und/?1024x768/3/60/anibis/792/384/030/BWoocVAo60STOyvau0-kKw_1.jpg', 'https://can01.anibis.ch/Argovie-4-1-2-Zimmer-Gartenwohnung-inkl.-1TG.Parkplatz-und/?1024x768/3/60/anibis/792/384/030/NBWwsDU2_UaciwWk9aGrcA_1.jpg', 'https://can01.anibis.ch/Argovie-4-1-2-Zimmer-Gartenwohnung-inkl.-1TG.Parkplatz-und/?1024x768/3/60/anibis/792/384/030/gUGUaF0nUUKBDldJ6KolZg_1.jpg', 'https://can01.anibis.ch/Argovie-4-1-2-Zimmer-Gartenwohnung-inkl.-1TG.Parkplatz-und/?1024x768/3/60/anibis/792/384/030/Tr1jqJx8zUyngxsBXWFzIw_1.jpg', 'https://can01.anibis.ch/Argovie-4-1-2-Zimmer-Gartenwohnung-inkl.-1TG.Parkplatz-und/?1024x768/3/60/anibis/792/384/030/5XViLnqfskKml4RON2OCkg_1.jpg']"
"ID7811","https://anibis.ch/fr/d-immobilier-immobilier-locations-neuch%c3%a2tel--423/appartement-avec-cachet-%c3%a0-louer--30384677.aspx?view=2&pi=1&fcid=410&pr=1","Appartement avec cachet à louer","Bonjour,

Je cherche une personne pour reprendre mon bail.

Loyer : 810

Salle de bain/WC : 1

Etage : 1er  
Nom de pièce : 2 (grande entrée, n'est pas compté comme une pièce)

Libre : 1.10.2019

A louer dès le 1er octobre 2019, bel appartement de 2 pièces en duplex dans maison villageoise située au Chemin des Chasses-Peines 5 à Hauterive.

Loyer de CHF 810.00 charges comprises.  
Le système de chauffage étant individuel, les frais en découlant seront à la charge du locataire.

Cet appartement se compose d’une cuisine agencée, d’une chambre, d’un séjour et d’une salle-de-bains/WC. Une cave est également mise à disposition avec l’appartement.

Cette maison typique d’Hauterive se trouve proche des écoles, de la boulangerie, de l’administration communale et des transports en commun.

N'hésitez pas à me contacter pour de plus amples renseignements !","Suisse","Hauterive NE","2068","(NE)","Chemin des chasse-peines 5","+41 789000227","RENT","1","8","0","2.0 ",">undefined surface<","810","CHF",">undefined availableDate<","","['https://can01.anibis.ch/Neuchatel-Appartement-avec-cachet-a-louer/?1024x768/3/60/anibis/677/384/030/GWLkK3_kvUe8l7S1VOVqQQ_1.jpg', 'https://can01.anibis.ch/Neuchatel-Appartement-avec-cachet-a-louer/?1024x768/3/60/anibis/677/384/030/bDU7ZRo5tkK_EOQYSvCysw_1.jpg', 'https://can01.anibis.ch/Neuchatel-Appartement-avec-cachet-a-louer/?1024x768/3/60/anibis/677/384/030/uoMYX3-d_EGyFblvwHE-EQ_1.jpg', 'https://can01.anibis.ch/Neuchatel-Appartement-avec-cachet-a-louer/?1024x768/3/60/anibis/677/384/030/N8m3CrqcEkCO73uILhoBiA_1.jpg', 'https://can01.anibis.ch/Neuchatel-Appartement-avec-cachet-a-louer/?1024x768/3/60/anibis/677/384/030/eaBmZqwmrEG0EyFQmvjrAQ_1.jpg', 'https://can01.anibis.ch/Neuchatel-Appartement-avec-cachet-a-louer/?1024x768/3/60/anibis/677/384/030/KOlDNsrlB0-5JQ8DDf7Qzg_1.jpg', 'https://can01.anibis.ch/Neuchatel-Appartement-avec-cachet-a-louer/?1024x768/3/60/anibis/677/384/030/Idm5ERbzfkK23TqG2F14Fg_1.jpg', 'https://can01.anibis.ch/Neuchatel-Appartement-avec-cachet-a-louer/?1024x768/3/60/anibis/677/384/030/izl7Yjz5yEG3k8hnlPaROA_1.jpg']"
"ID3212","https://anibis.ch/fr/d-immobilier-immobilier-locations-neuch%c3%a2tel--423/villa-mitoyenne-45-pi%c3%a8ces-avec-garage,-parc-et-jardin--30384688.aspx?view=2&pi=1&fcid=410&pr=1","Villa mitoyenne 4.5 pièces avec garage, parc et jardin","Joli appartement de 4 pièces de 120 m2 dans une villa mitoyenne à louer comprenant :

- 1 garage

- 1 place de parc

- 1 cuisine agencée

- 1 salle-de-bains

- 1 WC sparé

- 1 cagibi

- 1 grande cave

- 1 jardin

L'immeuble appartient à notre société :

Fonds de prévoyance

en faveur du personnel

d'Emile Egger & Cie SA

route de Neuchâtel 36

2088 Cressier 

Pour tout renseignement complémentaire, vous pouvez nous contacter au 032 758 71 10 durant les heures de travail ou par le formulaire email.

","Suisse","Cressier NE","2088","(NE)","Broillets 4a","+41 327587110","RENT","2","19","0","4.5 ","120 m2","2060","CHF","01.10.2019","Balcon / Terrasse / Jardinet - Balcon / Terrasse / Jardinet - Garage / Place de parc ","['https://can01.anibis.ch/Neuchatel-Villa-mitoyenne-4.5-pieces-avec-garage,-parc-et-ja/?1024x768/3/60/anibis/688/384/030/cWHv21bDwkWcKgJTxO6C3g_1.jpg', 'https://can01.anibis.ch/Neuchatel-Villa-mitoyenne-4.5-pieces-avec-garage,-parc-et-ja/?1024x768/3/60/anibis/688/384/030/Ol420UcskUa3C3kXP0YX7w_1.jpg', 'https://can01.anibis.ch/Neuchatel-Villa-mitoyenne-4.5-pieces-avec-garage,-parc-et-ja/?1024x768/3/60/anibis/688/384/030/G-sLxw7jKUKY_e_XQjgPfA_1.jpg', 'https://can01.anibis.ch/Neuchatel-Villa-mitoyenne-4.5-pieces-avec-garage,-parc-et-ja/?1024x768/3/60/anibis/688/384/030/xmjEpX80AU64pM5cE7UGFg_1.jpg', 'https://can01.anibis.ch/Neuchatel-Villa-mitoyenne-4.5-pieces-avec-garage,-parc-et-ja/?1024x768/3/60/anibis/688/384/030/tO3dzQ5lZkyIosrw4EINww_1.jpg', 'https://can01.anibis.ch/Neuchatel-Villa-mitoyenne-4.5-pieces-avec-garage,-parc-et-ja/?1024x768/3/60/anibis/688/384/030/Bg4lr5rE9kOV563uWTGA2Q_1.jpg', 'https://can01.anibis.ch/Neuchatel-Villa-mitoyenne-4.5-pieces-avec-garage,-parc-et-ja/?1024x768/3/60/anibis/688/384/030/d4TGGG4sfkmpBTp6H8r1dg_1.jpg', 'https://can01.anibis.ch/Neuchatel-Villa-mitoyenne-4.5-pieces-avec-garage,-parc-et-ja/?1024x768/3/60/anibis/688/384/030/aWsZCEd1ZkGzP1JwBvpb4w_1.jpg', 'https://can01.anibis.ch/Neuchatel-Villa-mitoyenne-4.5-pieces-avec-garage,-parc-et-ja/?1024x768/3/60/anibis/688/384/030/4MTURt939E6o4DotGMkfdA_1.jpg', 'https://can01.anibis.ch/Neuchatel-Villa-mitoyenne-4.5-pieces-avec-garage,-parc-et-ja/?1024x768/3/60/anibis/688/384/030/Ylz_tIYMmkenuiywIBYZDA_1.jpg']"
"ID72994","https://anibis.ch/fr/d-immobilier-immobilier-locations-neuch%c3%a2tel--423/lumineux-3-pi%c3%a8ces-de-70m2-au-1er-%c3%a9tage--30384647.aspx?view=2&pi=1&fcid=410&pr=1","Lumineux 3 pièces de 70m2 au 1er étage","Lumineux et spacieux 3 pièces de 70m2 au 1er étage d'un immeuble familial.

L'appartement offre une cuisine agencée et habitable, un salon, deux chambres, un wc/douche, une cave, un galetas, un jardin d'agrément et un jardin potager ainsi qu'une place de parc.

Les animaux ne sont pas désirés.

Loyer 870.- + charges

Contact 032.861.36.49 Ou 079.407.29.74","Suisse","Fleurier","2114","(NE)",">undefined street<",">undefined phone number<","RENT","1","0","0","3.0 ","70 m2","870","CHF",">undefined availableDate<","Balcon / Terrasse / Jardinet - Garage / Place de parc ","['https://can01.anibis.ch/Neuchatel-Lumineux-3-pieces-de-70m2-au-1er-etage/?1024x768/3/60/anibis/647/384/030/n5bI-XaLMUydnop48iFrMg_1.jpg', 'https://can01.anibis.ch/Neuchatel-Lumineux-3-pieces-de-70m2-au-1er-etage/?1024x768/3/60/anibis/647/384/030/RZXlne0tck-E9zIKmAOTJQ_1.jpg', 'https://can01.anibis.ch/Neuchatel-Lumineux-3-pieces-de-70m2-au-1er-etage/?1024x768/3/60/anibis/647/384/030/jMc0weqCKUK-NxmvmH4Oyg_1.jpg', 'https://can01.anibis.ch/Neuchatel-Lumineux-3-pieces-de-70m2-au-1er-etage/?1024x768/3/60/anibis/647/384/030/vp8ma3jRK0-m76kP2kB85Q_1.jpg', 'https://can01.anibis.ch/Neuchatel-Lumineux-3-pieces-de-70m2-au-1er-etage/?1024x768/3/60/anibis/647/384/030/T_irp0dfPUKDzuIpbbUuKQ_1.jpg', 'https://can01.anibis.ch/Neuchatel-Lumineux-3-pieces-de-70m2-au-1er-etage/?1024x768/3/60/anibis/647/384/030/1049qvbFHUGuCBp0p0b5Iw_1.jpg', 'https://can01.anibis.ch/Neuchatel-Lumineux-3-pieces-de-70m2-au-1er-etage/?1024x768/3/60/anibis/647/384/030/WAu01BbuxkmocytilxgFJA_1.jpg', 'https://can01.anibis.ch/Neuchatel-Lumineux-3-pieces-de-70m2-au-1er-etage/?1024x768/3/60/anibis/647/384/030/nxP8WqMGkUKRMxggcK8Agg_1.jpg', 'https://can01.anibis.ch/Neuchatel-Lumineux-3-pieces-de-70m2-au-1er-etage/?1024x768/3/60/anibis/647/384/030/rVt5Loqia0-clXPKNEc94w_1.jpg', 'https://can01.anibis.ch/Neuchatel-Lumineux-3-pieces-de-70m2-au-1er-etage/?1024x768/3/60/anibis/647/384/030/8Og-zmDiZ02v7YYQoUrpOQ_1.jpg']"
"ID7007","https://anibis.ch/fr/d-immobilier-immobilier-locations-valais--433/studio-%c3%a0-louer-%c3%a0-aproz-%c3%a0-5-minutes-de-sion--30384702.aspx?view=2&pi=1&fcid=410&pr=1","Studio à louer à Aproz à 5 minutes de Sion","Studio à louer dans le joli village d'Aproz à 5 minutes de Sion.

Le studio comporte un balcon, une salle de bain rénovée, une cuisine  ouverte en très bon état tout comme l'entièreté du studio.

Loyer 630.-

Une place de parc en sus obligatoire au prix de 60.-.

Magasin et restaurant à 5 minutes à pieds.

Disponible de suite","Suisse","Aproz (Nendaz)","1994","(VS)",">undefined street<",">undefined phone number<","RENT","1","9","0","1.0 ","15 m2","690","CHF",">undefined availableDate<","Animaux domestiques acceptés - Ascenseur - Balcon / Terrasse / Jardinet - Garage / Place de parc ","[]"
"ID72025","https://anibis.ch/fr/d-immobilier-immobilier-locations-gen%c3%a8ve--418/parking-place-de-parc-au-petit-lancy--30384697.aspx?view=2&pi=1&fcid=410&pr=1","Parking (place de parc) au Petit Lancy","Parking (place de parc) fermé au sous sol au Petit Lancy à 10 minutes de l'aéroport et 100 mètres de l'arrêt de tram et bus.

140.- par mois

Libre de suite","Suisse","Petit-Lancy","1213","(GE)",">undefined street<","+41 794127020","RENT","6","30","0",">undefined room<",">undefined surface<","140","CHF",">undefined availableDate<","","[]"
"ID55300","https://anibis.ch/fr/d-immobilier-immobilier-locations-vaud--434/appartement-lausanne-ouchy--30384650.aspx?view=2&pi=1&fcid=410&pr=1","Appartement Lausanne Ouchy ","Magnifique appartement de 2,5 pces à Ouchy ! (67m2)  
Appartement composé de : Une chambreUn couloir avec voûteUne grande pièce à vivre avec cuisineUne Magnifique salle de bain (baignoire + douche) Une cave PAS DE BALCON   
Loyer 1500.-Charges 95.-   
Pas de place de parc mais beaucoup de places devant   
Pour le 1er octobre   
Visite 079 526 11 40 avec dossier complet :- copie carte d’identité ou permis de séjour;- 3 dernières fiches salaires - attestation de l’office de poursuite   
PERSONNES SOLVABLE AVEC DOSSIER COMPLET UNIQUEMENT   
","Suisse","Lausanne","1006","(VD)",">undefined street<",">undefined phone number<","RENT","1","0","0","2.5 ","65 m2","1595","CHF",">undefined availableDate<","","['https://can01.anibis.ch/Vaud-Appartement-Lausanne-Ouchy/?1024x768/3/60/anibis/650/384/030/4obQKvIt8UGj3J3rgGe0hA_1.jpg', 'https://can01.anibis.ch/Vaud-Appartement-Lausanne-Ouchy/?1024x768/3/60/anibis/650/384/030/-90I76FSLUeejIzX-eOncA_1.jpg', 'https://can01.anibis.ch/Vaud-Appartement-Lausanne-Ouchy/?1024x768/3/60/anibis/650/384/030/xNY9Bt3Bkky4BMVdNGMEUw_1.jpg']"
"ID38956","https://anibis.ch/fr/d-immobilier-immobilier-locations-vaud--434/reprise-de-bail-appartement-4,5-pi%c3%a8ces-1522-lucens--30118454.aspx?view=2&pi=1&fcid=410&pr=1","Reprise de bail Appartement 4,5 pièces 1522 Lucens","**Appartement 4,5 pièces,**

* 2 chambres à coucher,
* 1 salle d'eau avec baignoire,
* 1 salle d'eau avec douche et buanderie,
* 1 mezzanine,
* cuisine ouverte sur grand salon.

Place de parc en plus, CHF 50.0

**Participation aux premiers loyers si reprise rapide.**","Suisse","Lucens","1522","(VD)","Route de Villeneuve","+41 795258443","RENT","1","16","0","4.5 ","110 m2","2000","CHF",">undefined availableDate<","Animaux domestiques acceptés - Ascenseur - Balcon / Terrasse / Jardinet - Garage / Place de parc ","['https://can01.anibis.ch/Vaud-Reprise-de-bail-Appartement-4,5-pieces-1522-Lucens/?1024x768/3/60/anibis/454/118/030/EID9BFRo5EWmEj_j50VM5A_1.jpg', 'https://can01.anibis.ch/Vaud-Reprise-de-bail-Appartement-4,5-pieces-1522-Lucens/?1024x768/3/60/anibis/454/118/030/KvjY9STmXkiWQFzTv9MgiA_1.jpg', 'https://can01.anibis.ch/Vaud-Reprise-de-bail-Appartement-4,5-pieces-1522-Lucens/?1024x768/3/60/anibis/454/118/030/2ltEiTWSZUG85VtBePH-YQ_1.jpg', 'https://can01.anibis.ch/Vaud-Reprise-de-bail-Appartement-4,5-pieces-1522-Lucens/?1024x768/3/60/anibis/454/118/030/qvNy1UPAn06gHBwhC0KjrA_1.jpg', 'https://can01.anibis.ch/Vaud-Reprise-de-bail-Appartement-4,5-pieces-1522-Lucens/?1024x768/3/60/anibis/454/118/030/vzXG4c0l5Ua38ynGyWYjIQ_1.jpg', 'https://can01.anibis.ch/Vaud-Reprise-de-bail-Appartement-4,5-pieces-1522-Lucens/?1024x768/3/60/anibis/454/118/030/SRZtBKvqv02YgLlzL_busQ_1.jpg']"
"ID93173","https://anibis.ch/fr/d-immobilier-immobilier-locations-vaud--434/place-de-parc-ext%c3%a9rieure-%c3%a0-la-conversion--30384655.aspx?view=2&pi=1&fcid=410&pr=1","Place de parc extérieure à la Conversion","Je loue une place de parc extérieure au Ch. des Brûlées à la Conversion.

Elle est disponible dès le 01.09.2019 au prix de 140 Fr.

Pour tout renseignement complémentaire, merci d’appeler le 079/318.44.06.","Suisse","La Conversion","1093","(VD)","Chemin des Brûlées","+41 793184406","RENT","6","91","0",">undefined room<",">undefined surface<","140","CHF","01.09.2019","","[]"
"ID68628","https://anibis.ch/fr/d-immobilier-immobilier-locations-lucerne--422/m%c3%b6blierte-b%c3%bcror%c3%a4umlichkeit-in-der-region-luzern--30384639.aspx?view=2&pi=1&fcid=410&pr=1","Möblierte Büroräumlichkeit in der Region Luzern","Wir vermieten einen möblierten Büroraum mit folgenden Merkmalen/Vorteilen.

- an ruhiger Lage

- helle Räume mit Dachfenstern

- Post, Bank, Einkaufsmöglichkeiten und Restaurants in der Nähe

- ca. 22m², bietet Platz für 1-2 Personen

- gemeinschaftliche Nutzung der Teeküche und WC-Anlage

- inkl. Internet (W-LAN)

- Parkplätze können dazu gemietet werden

Preis Verhandelbar.

Ist Ihr Interesse geweckt? Für einen Besichtigungstermin melden Sie sich unter 079 580 68 90.","Suisse","Lucerne","6003","(LU)",">undefined street<","+41 795806890","RENT","9","60","0","1.0 ","22 m2","800","CHF",">undefined availableDate<","","[]"
"ID1699","https://anibis.ch/fr/d-immobilier-immobilier-locations-vaud--434/appartement-de-3-1-2-%c3%a0-cheseaux-tr%c3%a8s-lumineux-et-calme--30384595.aspx?view=2&pi=1&fcid=410&pr=1","Appartement de 3 1/2 à Cheseaux très lumineux et calme","Bel appartement très lumineux de 3 pièces et demi situé à Cheseaux-sur-Lausanne, dans un petit immeuble de 6 appartements. Reprise de bail pour le 1er octobre 2019. 

L'appartement de 56m2 au rez-supérieur, se compose:   
- D'un très grande et lumineuse pièce à vivre, donnant sur le balcon de 12 m2 qui a été refait en juillet 2019.   
- Une belle cuisine équipée refaite en 2017 (vitrocéramique, lave-vaisselle) avec accès au balcon.   
- Deux chambres dont une avec accès au balcon   
- Salle de bain refaite en 2017   
- Cave   
- Buanderie   
- Place de parc   
Quartier très calme, ruelle sans issue, à 2 minutes du LEB et commerce à moins de 5 minutes à pieds. Voiture, Lausanne en 10 minutes, CHUV en 15 min, autoroute en moins de 10 minutes.   
Animaux autorisé   
Le prix est de 1650.-, il comprend le loyer, les charges et les places de parcs (2 places). ","Suisse","Cheseaux-sur-Lausanne","1033","(VD)","Chemin de la Plantaz 24","+41 786097161","RENT","1","0","0","3.0 ","56 m2","1650","CHF","30.09.2019","Animaux domestiques acceptés - Balcon / Terrasse / Jardinet - Garage / Place de parc ","['https://can01.anibis.ch/Vaud-Appartement-de-3-1-2-a-Cheseaux-tres-lumineux-et-c/?1024x768/3/60/anibis/595/384/030/NmpiyEDR5UOvn7kGdItmGQ_1.jpg', 'https://can01.anibis.ch/Vaud-Appartement-de-3-1-2-a-Cheseaux-tres-lumineux-et-c/?1024x768/3/60/anibis/595/384/030/MTxN5FsijEmQTDO9ifvVkQ_1.jpg', 'https://can01.anibis.ch/Vaud-Appartement-de-3-1-2-a-Cheseaux-tres-lumineux-et-c/?1024x768/3/60/anibis/595/384/030/brP-35Mm60yfOAGiINPS9g_1.jpg', 'https://can01.anibis.ch/Vaud-Appartement-de-3-1-2-a-Cheseaux-tres-lumineux-et-c/?1024x768/3/60/anibis/595/384/030/lELiVTgHz0WCGLOIQKGs2Q_1.jpg', 'https://can01.anibis.ch/Vaud-Appartement-de-3-1-2-a-Cheseaux-tres-lumineux-et-c/?1024x768/3/60/anibis/595/384/030/8VrUatgpnEmerbKP0PK6XA_1.jpg', 'https://can01.anibis.ch/Vaud-Appartement-de-3-1-2-a-Cheseaux-tres-lumineux-et-c/?1024x768/3/60/anibis/595/384/030/erllIpSFWkGWxrVj1JUEtQ_1.jpg', 'https://can01.anibis.ch/Vaud-Appartement-de-3-1-2-a-Cheseaux-tres-lumineux-et-c/?1024x768/3/60/anibis/595/384/030/WPn8EaJ3z0yeMhatfncF9w_1.jpg', 'https://can01.anibis.ch/Vaud-Appartement-de-3-1-2-a-Cheseaux-tres-lumineux-et-c/?1024x768/3/60/anibis/595/384/030/RQiOWGeeBkW2B1J93mvSaQ_1.jpg', 'https://can01.anibis.ch/Vaud-Appartement-de-3-1-2-a-Cheseaux-tres-lumineux-et-c/?1024x768/3/60/anibis/595/384/030/fZA0yKYjIEiQWFGPCDXfCQ_1.jpg']"
"ID96087","https://anibis.ch/fr/d-immobilier-immobilier-locations-neuch%c3%a2tel--423/1er-loyer-gratuit-45-p-jardin-option-concierge--27956308.aspx?view=2&pi=1&fcid=410&pr=1","1er loyer gratuit ! 4.5 p + jardin (option concierge)","Région Vully, superbe et grand appartement de 4.5 pièces (120 m2) au rez comprenant:

Hall d'entrée avec grandes armoires murales
cuisine agencée et équipée
séjour + espace à manger
3 belles chambres
2 salles de bain / WC
buanderie privative équipée dans l'appartement
jardin privatif - terrasse
cave

Loyer mensuel dès CHF 1740 .- + forfait charges CHF 200.-
Box et place de parc en sus: CHF 100.- / mois
1er loyer gratuit. !!!
Possibilité de prendre la patire conciergerie de l'immeuble (6 appartements)
Libre dès le 1er octobre ou à convenir
Adresse: Ch. des Condémines 2, 1587 Constantine - Vully-le-lacs
Contacte: Mme Sonia Ridoux - Agence Ridoux - Tél. 026 675 49 29
","Suisse","Constantine","1587","(VD)",">undefined street<",">undefined phone number<","RENT","1","0","0","4.5 ","120 m2","1740","CHF","01.10.2019","Animaux domestiques acceptés - Ascenseur - Balcon / Terrasse / Jardinet - Garage / Place de parc ","['https://can01.anibis.ch/Neuchatel-1er-loyer-gratuit-!-4.5-p-+-jardin-(option-concier/?1024x768/3/60/anibis/308/956/027/qsjqTqbeBE20mqLxW7z89g_1.jpg', 'https://can01.anibis.ch/Neuchatel-1er-loyer-gratuit-!-4.5-p-+-jardin-(option-concier/?1024x768/3/60/anibis/308/956/027/eTRoB-V0c0yxTRUH12PMHg_1.jpg', 'https://can01.anibis.ch/Neuchatel-1er-loyer-gratuit-!-4.5-p-+-jardin-(option-concier/?1024x768/3/60/anibis/308/956/027/2IhzG2fYaUGnPtkvc3kMKw_1.jpg', 'https://can01.anibis.ch/Neuchatel-1er-loyer-gratuit-!-4.5-p-+-jardin-(option-concier/?1024x768/3/60/anibis/308/956/027/lbgenstq5k-M1g1rMZ7O_g_1.jpg', 'https://can01.anibis.ch/Neuchatel-1er-loyer-gratuit-!-4.5-p-+-jardin-(option-concier/?1024x768/3/60/anibis/308/956/027/DID3wQ4zbUCHolUi5s-LfQ_1.jpg']"
"ID5322","https://anibis.ch/fr/d-immobilier-immobilier-locations-vaud--434/magnifique-appartement-familiale--30384601.aspx?view=2&pi=1&fcid=410&pr=1","Magnifique appartement familiale","Je remets mon appartement de 4 pièces et demi à l Av Bel -air a la tour-de-peilz pour le 15 janvier 2020 appartement au 2 ème étage avec ascenseur très lumineux  balcon près de 95 m2 très  bien desservi par les transports publics gare à 5 minutes et bus devant l immeuble l école de Bel-Air ce trouve juste à  côté  nous avons aussi un magnifique jardin commun le centre de la tour-de-peilz ce trouve à 5 minutes à pieds 2000 frs charge comprises et possibilité de louer garage box pour 170 frs appeler moi pour une visite","Suisse","La Tour-de-Peilz","1814","(VD)",">undefined street<","+41 763395656","RENT","1","0","0","4.5 ","95 m2","2000","CHF","15.01.2020","Animaux domestiques acceptés - Ascenseur - Balcon / Terrasse / Jardinet - Garage / Place de parc ","['https://can01.anibis.ch/Vaud-Magnifique-appartement-familiale/?1024x768/3/60/anibis/601/384/030/nKcPjz__t0-BOqcX6f-4LA_1.jpg', 'https://can01.anibis.ch/Vaud-Magnifique-appartement-familiale/?1024x768/3/60/anibis/601/384/030/AjD_h4KmekGgQsgYfVJaeA_1.jpg', 'https://can01.anibis.ch/Vaud-Magnifique-appartement-familiale/?1024x768/3/60/anibis/601/384/030/kYHmi8N1D0KSb9Rr2Gsa8Q_1.jpg', 'https://can01.anibis.ch/Vaud-Magnifique-appartement-familiale/?1024x768/3/60/anibis/601/384/030/bwylUS-u3EeI6e_mnj0u1g_1.jpg', 'https://can01.anibis.ch/Vaud-Magnifique-appartement-familiale/?1024x768/3/60/anibis/601/384/030/byUmb2B9mEC4fmqTOT10jA_1.jpg', 'https://can01.anibis.ch/Vaud-Magnifique-appartement-familiale/?1024x768/3/60/anibis/601/384/030/V0orDD1-U0mD6GN5bO3bMg_1.jpg', 'https://can01.anibis.ch/Vaud-Magnifique-appartement-familiale/?1024x768/3/60/anibis/601/384/030/CfNmobSJ8E-BzmuR_MBZMg_1.jpg', 'https://can01.anibis.ch/Vaud-Magnifique-appartement-familiale/?1024x768/3/60/anibis/601/384/030/zgX9LbFBuEqsBDJq6EHWGg_1.jpg', 'https://can01.anibis.ch/Vaud-Magnifique-appartement-familiale/?1024x768/3/60/anibis/601/384/030/Yqi64DcCkk2y3hVi_Uy5tA_1.jpg']"
"ID63231","https://anibis.ch/fr/d-immobilier-immobilier-locations-fribourg--417/m%c3%b4tier-vully,-2-pi%c3%a8ces-et-demie-de-standing-dans-villa--29721411.aspx?view=2&pi=1&fcid=410&pr=1","Môtier-Vully, 2 pièces et demie de standing dans villa","-vue sur le lac, dans les vignes

-accès (piéton) au lac

-terrasse plain-pied de 30m2

-jardin privatif de 200m2

-pergola 18m2

-chauffage au sol, pompe à chaleur

-douche/WC séparé

-cuisine équipée, plan granit

-stores électriques/interphone

-2 places de parc extérieures

-cave individuelle 12m2

-le propriétaire n'habite pas dans la maison","Suisse","Môtier (Vully)","1787","(FR)","Route du Lac 41",">undefined phone number<","RENT","1","0","0","2.5 ","75 m2","1790","CHF","01.08.2019","Balcon / Terrasse / Jardinet - Garage / Place de parc ","['https://can01.anibis.ch/Fribourg-Motier-Vully,-2-pieces-et-demie-de-standing-dans-v/?1024x768/3/60/anibis/411/721/029/_XMidjW2W02GG2zvD1P2uA_1.jpg', 'https://can01.anibis.ch/Fribourg-Motier-Vully,-2-pieces-et-demie-de-standing-dans-v/?1024x768/3/60/anibis/411/721/029/ZRPOr1dSLEyzJR_4vjuUNA_1.jpg', 'https://can01.anibis.ch/Fribourg-Motier-Vully,-2-pieces-et-demie-de-standing-dans-v/?1024x768/3/60/anibis/411/721/029/14WpQu7gfUK9WwL2V7lEfQ_1.jpg', 'https://can01.anibis.ch/Fribourg-Motier-Vully,-2-pieces-et-demie-de-standing-dans-v/?1024x768/3/60/anibis/411/721/029/EDSkN_AEeUiu4IL1F6lPHA_1.jpg', 'https://can01.anibis.ch/Fribourg-Motier-Vully,-2-pieces-et-demie-de-standing-dans-v/?1024x768/3/60/anibis/411/721/029/5F71NfJWU0yol9-ORbxpMQ_1.jpg', 'https://can01.anibis.ch/Fribourg-Motier-Vully,-2-pieces-et-demie-de-standing-dans-v/?1024x768/3/60/anibis/411/721/029/JcLUuiT1lkObdES7GwSiLg_1.jpg', 'https://can01.anibis.ch/Fribourg-Motier-Vully,-2-pieces-et-demie-de-standing-dans-v/?1024x768/3/60/anibis/411/721/029/8LSmA9SBqk6TzfNgWRNLKg_1.jpg', 'https://can01.anibis.ch/Fribourg-Motier-Vully,-2-pieces-et-demie-de-standing-dans-v/?1024x768/3/60/anibis/411/721/029/Ym4Tdlcmlk28l8VqZDtZeg_1.jpg', 'https://can01.anibis.ch/Fribourg-Motier-Vully,-2-pieces-et-demie-de-standing-dans-v/?1024x768/3/60/anibis/411/721/029/BuqGxxMljkyY3NZRoImKQA_1.jpg', 'https://can01.anibis.ch/Fribourg-Motier-Vully,-2-pieces-et-demie-de-standing-dans-v/?1024x768/3/60/anibis/411/721/029/ZIHbSexdRU-3bJIE7oT5Wg_1.jpg']"
"ID34309","https://anibis.ch/fr/d-immobilier-immobilier-locations-vaud--434/tr%c3%a8s-beau-duplex-attique-face-au-lac--30384215.aspx?view=2&pi=1&fcid=410&pr=1","Très beau duplex/attique face au lac ","A louer très grand duplex en attique de 180m2 à deux minutes du lac et dix minutes à pied de la gare.

Comprenant: Sapcieux hall d'entrée avec 2 armoires de rangements, une très belle cuisine agencée ouverte sur un grand séjour lumineux avec une magnifique vue lac. 4 chambres dont une très grande dans les combles avec sa propre salle de douche. Un wc visiteur, une salle de bain lumineuse avec colonne de lavage.

Très grande et belle terrasse de 70m2 face au lac avec grande pergola bio-climatique. Ainsi que deux places de parcs complète ce bien.

Vous avez également de nombreux espaces de rangements sous les toits. Aucun voisinage! 

CHF 3470.- charges comprises.","Suisse","Rolle","1180","(VD)",">undefined street<","+41 796355439","RENT","1","16","0","5.5 ","180 m2","3470","CHF","01.12.2019","Animaux domestiques acceptés - Balcon / Terrasse / Jardinet - Garage / Place de parc ","['https://can01.anibis.ch/Vaud-Tres-beau-duplex-attique-face-au-lac/?1024x768/3/60/anibis/215/384/030/hxK9t4J9jU61IrZ8_pA3PA_1.jpg', 'https://can01.anibis.ch/Vaud-Tres-beau-duplex-attique-face-au-lac/?1024x768/3/60/anibis/215/384/030/KR7FkDi4FEOeVEmPXCDeRQ_1.jpg', 'https://can01.anibis.ch/Vaud-Tres-beau-duplex-attique-face-au-lac/?1024x768/3/60/anibis/215/384/030/72HTNlmSEk-DQIfuEyvUHg_1.jpg', 'https://can01.anibis.ch/Vaud-Tres-beau-duplex-attique-face-au-lac/?1024x768/3/60/anibis/215/384/030/P46OB4eeD0SMoPUc1rfNPw_1.jpg', 'https://can01.anibis.ch/Vaud-Tres-beau-duplex-attique-face-au-lac/?1024x768/3/60/anibis/215/384/030/8g-YbugD10ay-DHkqiLpBw_1.jpg', 'https://can01.anibis.ch/Vaud-Tres-beau-duplex-attique-face-au-lac/?1024x768/3/60/anibis/215/384/030/2-XljhXRm0upuOMeDWGBsw_1.jpg', 'https://can01.anibis.ch/Vaud-Tres-beau-duplex-attique-face-au-lac/?1024x768/3/60/anibis/215/384/030/KWNk6LZYQEefkX7WMXlyzA_1.jpg', 'https://can01.anibis.ch/Vaud-Tres-beau-duplex-attique-face-au-lac/?1024x768/3/60/anibis/215/384/030/Jtm4ylSTB0qe1J912gxCUA_1.jpg', 'https://can01.anibis.ch/Vaud-Tres-beau-duplex-attique-face-au-lac/?1024x768/3/60/anibis/215/384/030/zhIonENNE0WjGHJ2RxrdTA_1.jpg', 'https://can01.anibis.ch/Vaud-Tres-beau-duplex-attique-face-au-lac/?1024x768/3/60/anibis/215/384/030/4eAVJ1ICD0eZXA0-cJopXA_1.jpg']"
"ID51909","https://anibis.ch/fr/d-immobilier-immobilier-locations-zurich--436/bel-appartement-de-luxe-compl%c3%a8tement-meubl%c3%89--30384467.aspx?view=2&pi=1&fcid=410&pr=1","Bel appartement de luxe complètement MEUBLÉ","bel appartement de standing complètement MEUBLE. Il se compose d'un hall d'entrée, un living lumineux donnant sur une grande terrasse de +- 13m², une cuisine ouverte super-équipée, une chambre avec salle de bain et une chambre avec salle de douche, wc séparé, buanderie avec machine à laver et séchoir. DIVERS : Belle finitions - Chaudière individuelle - Cave ","Suisse","Zurich","8008","(ZH)","Wildbachstrasse 49",">undefined phone number<","RENT","1","0","0",">undefined room<","88 m2","1800","CHF",">undefined availableDate<","Animaux domestiques acceptés - Ascenseur - Balcon / Terrasse / Jardinet - Garage / Place de parc ","['https://can01.anibis.ch/Zurich-Bel-appartement-de-luxe-completement-MEUBLE/?1024x768/3/60/anibis/467/384/030/FIT1-dumE0WKa9Vz-ADizA_1.jpg', 'https://can01.anibis.ch/Zurich-Bel-appartement-de-luxe-completement-MEUBLE/?1024x768/3/60/anibis/467/384/030/CC-u5u_xH02MIMnfyV3JcA_1.jpg', 'https://can01.anibis.ch/Zurich-Bel-appartement-de-luxe-completement-MEUBLE/?1024x768/3/60/anibis/467/384/030/IUwg8A7C8kOEMVkah44_qw_1.jpg', 'https://can01.anibis.ch/Zurich-Bel-appartement-de-luxe-completement-MEUBLE/?1024x768/3/60/anibis/467/384/030/WntL0qsaCUuju-2_Ll9_ew_1.jpg', 'https://can01.anibis.ch/Zurich-Bel-appartement-de-luxe-completement-MEUBLE/?1024x768/3/60/anibis/467/384/030/FZM-_JKlHkWUb0id9f3cPQ_1.jpg', 'https://can01.anibis.ch/Zurich-Bel-appartement-de-luxe-completement-MEUBLE/?1024x768/3/60/anibis/467/384/030/AfPntp4zfEG8LYSVnn4Y3A_1.jpg', 'https://can01.anibis.ch/Zurich-Bel-appartement-de-luxe-completement-MEUBLE/?1024x768/3/60/anibis/467/384/030/7DcsbeY6s0S4uq-b7EtPAA_1.jpg', 'https://can01.anibis.ch/Zurich-Bel-appartement-de-luxe-completement-MEUBLE/?1024x768/3/60/anibis/467/384/030/tkbyXtwLFUu0-5eklCJzUw_1.jpg']"
"ID64671","https://anibis.ch/fr/d-immobilier-immobilier-locations-fribourg--417/a-louer-grand-appartement-de-3-1-2-pces-%c3%a0-bussy--30384443.aspx?view=2&pi=1&fcid=410&pr=1","A louer grand appartement de 3 1/2 pces à Bussy","Au centre du village de Bussy. A 5 min en voiture d'Estavayer-le-Lac, à 3 min de l'A1 et à 5 min de l'aéroport de Payerne, cet immeuble est situé dans un endroit calme avec une superbe vue sur la campagne. Ce magnifique appartement de 3.5 pièces au 1er étage a une surface de plus de 87 m2 habitables. Vous y trouverez une superbe cuisine américaine ouverte et une spacieuse salle à manger avec salon et un balcon. L'appartement bénéficie d'une salle d'eau avec douche, WC et 2 grandes chambres à coucher. Ce magnifique appartement dispose encore d'une cave et d'une place de parc extérieure.

Premier loyer gratuit.

Le loyer est de CHF 1'500.00 charges comprises et également une place de parc.","Suisse","Bussy FR","1541","(FR)","Route des Baudèzes 44","+41 791552200","RENT","1","0","0","3.0 ","87 m2","1500","CHF","01.02.2020","Balcon / Terrasse / Jardinet - Garage / Place de parc ","['https://can01.anibis.ch/Fribourg-A-louer-grand-appartement-de-3-1-2-pces-a-Bussy/?1024x768/3/60/anibis/443/384/030/QnTVWogT8E2hb_M-uvfpvw_1.jpg', 'https://can01.anibis.ch/Fribourg-A-louer-grand-appartement-de-3-1-2-pces-a-Bussy/?1024x768/3/60/anibis/443/384/030/kpKdikgWi0-2ThgT41ksBA_1.jpg', 'https://can01.anibis.ch/Fribourg-A-louer-grand-appartement-de-3-1-2-pces-a-Bussy/?1024x768/3/60/anibis/443/384/030/ezCRR4uMokKQHwAlvfG8Eg_1.jpg', 'https://can01.anibis.ch/Fribourg-A-louer-grand-appartement-de-3-1-2-pces-a-Bussy/?1024x768/3/60/anibis/443/384/030/K6qnDlrNjkuDyOVXs0sutQ_1.jpg', 'https://can01.anibis.ch/Fribourg-A-louer-grand-appartement-de-3-1-2-pces-a-Bussy/?1024x768/3/60/anibis/443/384/030/_T17eK6y3E26cEUGpu_uoQ_1.jpg', 'https://can01.anibis.ch/Fribourg-A-louer-grand-appartement-de-3-1-2-pces-a-Bussy/?1024x768/3/60/anibis/443/384/030/uEg77cOhFk6vmW_bMjfKGg_1.jpg', 'https://can01.anibis.ch/Fribourg-A-louer-grand-appartement-de-3-1-2-pces-a-Bussy/?1024x768/3/60/anibis/443/384/030/joHIP9bx20mWlwC2Sd5tow_1.jpg']"
"ID31510","https://anibis.ch/fr/d-immobilier-immobilier-locations-neuch%c3%a2tel--423/appartement-magnifique-centre-ville--30384455.aspx?view=2&pi=1&fcid=410&pr=1","Appartement magnifique centre ville","Magnifique 4,5 pièces au centre de Neuchâtel en duplex. Vue sur la collégiale, situé rue des bercles.

Appartement très lumineux avec cachet et complètement rénové il y a trois ans et demi.

Au rez de chaussée:   
- une grande chambre  
- une plus petite qui fait office de dressing/bureau  
- une grande pièce à vivre lumineuse salon, salle à manger, cuisine entièrement équipée

A l'étage:  
- une grande chambre mansardée, lumineuse  
- un galetas

Buanderie commune au même étage.

Prix: 1790Chf plus 200Chf de charges. Mais il y a la possibilité de garder la conciergerie pour une rémunération de 200Chf/mois. 

Comprend une cave et un galetas.

Libre au 1er octobre ou à convenir si plus tôt","Suisse","Neuchâtel","2000","(NE)","rue des bercles","+41 796641201","RENT","1","8","0","4.5 ","130 m2","1790","CHF","01.10.2019","","['https://can01.anibis.ch/Neuchatel-Appartement-magnifique-centre-ville/?1024x768/3/60/anibis/455/384/030/Rjf85tIN2E6LdZMhoE3tcw_1.jpg', 'https://can01.anibis.ch/Neuchatel-Appartement-magnifique-centre-ville/?1024x768/3/60/anibis/455/384/030/wQxlY1inM0Si9wf1IAOZjw_1.jpg', 'https://can01.anibis.ch/Neuchatel-Appartement-magnifique-centre-ville/?1024x768/3/60/anibis/455/384/030/uWHL-kBzvUamPKe7Tz0ZfA_1.jpg']"
"ID81901","https://anibis.ch/fr/d-immobilier-immobilier-locations-valais--433/local,-d%c3%a9p%c3%b4t,-entrep%c3%b4t,-atelier-d'artisan--30384429.aspx?view=2&pi=1&fcid=410&pr=1","Local, Dépôt, Entrepôt, Atelier d'artisan","situé en bordure de la route Cantonale a Ardon

Dimension:

Longueur 9m

Largeur 7m

Le local est equipé d'un point d'eau et d'un écoulement.

électricité comprise.

2 places de parc extérieur

027/306.15.87","Suisse","Ardon","1957","(VS)","Route du Simplon 74",">undefined phone number<","RENT","9","98","0",">undefined room<",">undefined surface<","900","CHF",">undefined availableDate<","","['https://can01.anibis.ch/Valais-Local,-Depot,-Entrepot,-Atelier-dartisan/?1024x768/3/60/anibis/429/384/030/BajP3b_XZkOMldtXRaIHMQ_1.jpg', 'https://can01.anibis.ch/Valais-Local,-Depot,-Entrepot,-Atelier-dartisan/?1024x768/3/60/anibis/429/384/030/eFOdWQAeyEWWUuKLlK81nA_1.jpg', 'https://can01.anibis.ch/Valais-Local,-Depot,-Entrepot,-Atelier-dartisan/?1024x768/3/60/anibis/429/384/030/pawD-q0qW0ylx3iebGHrEQ_1.jpg', 'https://can01.anibis.ch/Valais-Local,-Depot,-Entrepot,-Atelier-dartisan/?1024x768/3/60/anibis/429/384/030/LvXphh41UUa9PKAnTH5OZQ_1.jpg']"
"ID9841","https://anibis.ch/fr/d-immobilier-immobilier-locations-gen%c3%a8ve--418/magnifique-appartement-en-sous-location-%c3%a0-dur%c3%a9e-d%c3%a9termin%c3%a9e--30375721.aspx?view=2&pi=1&fcid=410&pr=1","Magnifique appartement en sous-location à durée déterminée","Magnifique appartement en sous-location à durée déterminée d’une année du 01.11.2019 au 31.10.2020.

Loyer: 2990/mois, charges incluses (excepté électricité)

Magnifique appartement à la Place du Cirque. 3,5 pièces, lumineux, au dernier étage, récemment rénové, totalement meublé, format duplex. Équipé d’un lave-vaisselle et d’une machine à laver/sèche-linge.

Constitution :

* 2 chambres (dont 1 mezzanine avec dressing fermé)
* 1 salle de bain avec toilettes
* 1 toilettes séparées
* Grand séjour avec cuisine ouvertes

Excellente localisation au centre-ville, à 10min à pied de la gare, idéalement desservi par les transports publics. Zone de restaurants et commerce.

Disponible uniquement en sous-location à durée déterminée d’une année 1 année du 01.11.2019 au 31.10.2020. Uniquement non-fumeurs, sans animaux.

..........

Fantastic flat: one-year sub-let from 01.nov.2019 until 31.oct.2020

Rent: 2990/month, utilities included (except electric)

Amazing flat at Place du Cirque. Natural light with office space (or second bedroom), top floor, recently refurbished and fully furnished. Duplex layout. Dish washer and washing machine (plus dryer).

Key features:

* One bedroom in the upper floor (Duplex) with walk-in closet
* One extra room/office downstairs
* Big stylish living room with open kitchen
* Two bathrooms
* Modern furniture

Excellent location in the city center, 10min walk from the train station and public transport. Restaurant and shopping area.

Available only in fixed-term subleases of one year 1 year from 01.11.2019 to 31.10.2020. Only non-smoking, no pets.

","Suisse","Genève","1205","(GE)","Boulevard de Saint Georges","+41 762131641","RENT","1","8","0","3.0 ",">undefined surface<","2995","CHF","01.11.2019","","['https://can01.anibis.ch/Geneve-Magnifique-appartement-en-sous-location-a-duree-de/?1024x768/3/60/anibis/721/375/030/_9tn6WrgdUWJyCzCwKGkPw_1.jpg', 'https://can01.anibis.ch/Geneve-Magnifique-appartement-en-sous-location-a-duree-de/?1024x768/3/60/anibis/721/375/030/ihtPiItxEkqydEHu9iFovA_1.jpg', 'https://can01.anibis.ch/Geneve-Magnifique-appartement-en-sous-location-a-duree-de/?1024x768/3/60/anibis/721/375/030/kwSfkZgR0UyZwPTQAEvsXg_1.jpg', 'https://can01.anibis.ch/Geneve-Magnifique-appartement-en-sous-location-a-duree-de/?1024x768/3/60/anibis/721/375/030/bSwAR6yvO0OXQ7HoHcC0Yw_1.jpg', 'https://can01.anibis.ch/Geneve-Magnifique-appartement-en-sous-location-a-duree-de/?1024x768/3/60/anibis/721/375/030/FgLKhfjK50-pXFL6LOHIdw_1.jpg', 'https://can01.anibis.ch/Geneve-Magnifique-appartement-en-sous-location-a-duree-de/?1024x768/3/60/anibis/721/375/030/wr_yxXPR6EOg0UtmJxvbDw_1.jpg', 'https://can01.anibis.ch/Geneve-Magnifique-appartement-en-sous-location-a-duree-de/?1024x768/3/60/anibis/721/375/030/MmnORYvkuU2MqUFzee8x6g_1.jpg', 'https://can01.anibis.ch/Geneve-Magnifique-appartement-en-sous-location-a-duree-de/?1024x768/3/60/anibis/721/375/030/7bgO4IkAOkW5Z1Ko__GDww_1.jpg', 'https://can01.anibis.ch/Geneve-Magnifique-appartement-en-sous-location-a-duree-de/?1024x768/3/60/anibis/721/375/030/PhfzpTt4Y06h1WVPH63nLA_1.jpg', 'https://can01.anibis.ch/Geneve-Magnifique-appartement-en-sous-location-a-duree-de/?1024x768/3/60/anibis/721/375/030/1COnjIrXgUWE0I4zgAedZg_1.jpg']"
